PRECINCT,REG17,BALLOTS17,CRANLEY,SIMPSON,TOTMAY,P_CRANLEY,P_SIMPSON,P_HVAP,P_WVAP,P_BVAP,P_AMINVAP,P_ASIANVAP,P_NHPIVAP,P_OTHERVAP,P_2MOREVAP,P_HCVAP,P_BCVAP,P_WCVAP
0101 CIN 1-A,291,89,78,7,85,0.917647059,0.082352941,0.002604167,0.973958333,0.005208333,0.002604167,0.0078125,0,0,0.0078125,0.004968944,0.01863354,0.962732919
0102 CIN 1-B,1226,596,433,146,579,0.747841105,0.252158895,0.021433851,0.915742794,0.031042129,0.000739098,0.019216556,0,0.001478197,0.010347376,0.057357897,0.025066416,0.813669251
0103 CIN 1-C,1438,508,353,140,493,0.716024341,0.283975659,0.00983405,0.911493546,0.057160418,0.000614628,0.007990166,0,0,0.012907191,0.034410839,0.076735426,0.854157224
0104 CIN 1-D,743,215,152,61,213,0.713615023,0.286384977,0.014814815,0.828148148,0.127407407,0.002962963,0.019259259,0,0,0.007407407,0.018364373,0.12395811,0.849075742
0105 CIN 1-E,1147,366,249,107,356,0.699438202,0.300561798,0.022288262,0.848439822,0.095839525,0.000742942,0.017087667,0,0.000742942,0.014858841,0.012143202,0.163357809,0.78966897
0106 CIN 1-F,1142,519,376,122,498,0.75502008,0.24497992,0.0089141,0.923014587,0.035656402,0,0.018638574,0,0,0.013776337,0.005644496,0.015063258,0.96423939
0107 CIN 1-G,671,261,166,86,252,0.658730159,0.341269841,0.022727273,0.866477273,0.080965909,0.001420455,0.004261364,0,0,0.024147727,0.047692455,0.104615636,0.816923025
0108 CIN 1-H,658,239,166,65,231,0.718614719,0.281385281,0.026143791,0.910130719,0.019607843,0,0.032679739,0,0,0.011437908,0.007272727,0.032727273,0.945454545
0109 CIN 1-I,1079,461,324,119,443,0.731376975,0.268623025,0.019607843,0.928921569,0.035130719,0,0.005718954,0,0.000816993,0.009803922,0.012185352,0.047605822,0.881891811
0110 CIN 1-J,1201,409,292,107,399,0.731829574,0.268170426,0.014307229,0.934487952,0.023343373,0.003012048,0.014307229,0,0,0.010542169,0.009540883,0.018151461,0.95809305
0111 CIN 1-K,1132,336,230,93,323,0.712074303,0.287925697,0.025482625,0.811583012,0.114285714,0.003861004,0.024710425,0,0.005405405,0.014671815,0.015742649,0.110283806,0.86103409
0112 CIN 1-L,658,294,225,53,278,0.809352518,0.190647482,0.025848142,0.906300485,0.027463651,0.001615509,0.025848142,0,0,0.012924071,0.026407857,0.078401692,0.842492149
0113 CIN 1-M,1009,435,347,73,420,0.826190476,0.173809524,0.021298174,0.942190669,0.017241379,0,0.014198783,0,0,0.005070994,0.012096774,0.008064516,0.967741935
0201 CIN 2-A,1205,402,209,184,393,0.531806616,0.468193384,0.02250225,0.468946895,0.458145815,0.00180018,0.03330333,0,0.00090009,0.01440144,0.021303038,0.402911458,0.536222718
0202 CIN 2-B,1501,503,240,252,492,0.487804878,0.512195122,0.01208981,0.102763385,0.858376511,0.001727116,0.002590674,0,0.003454231,0.018998273,0.003274255,0.552567556,0.427013377
0203 CIN 2-C,1762,364,206,144,350,0.588571429,0.411428571,0.045957918,0.682724252,0.212070875,0.00166113,0.03875969,0,0.00110742,0.017718715,0.036125737,0.153111179,0.771356761
0204 CIN 2-D,1346,460,229,217,446,0.513452915,0.486547085,0.008191126,0.596587031,0.361774744,0.002047782,0.006143345,0,0.000682594,0.024573379,0.003393767,0.310360745,0.636953778
0205 CIN 2-E,1113,429,305,104,409,0.745721271,0.254278729,0.018650089,0.837477798,0.102131439,0.001776199,0.027531083,0,0,0.012433393,0.022801303,0.09771987,0.843648208
0206 CIN 2-F,1321,403,136,259,395,0.344303797,0.655696203,0.009302326,0.265116279,0.693023256,0.00620155,0.007751938,0,0.003100775,0.015503876,0.029224281,0.48342994,0.462519645
0207 CIN 2-G,870,442,366,67,433,0.845265589,0.154734411,0.031209363,0.928478544,0.013003901,0.00130039,0.019505852,0.00130039,0,0.00520156,0.025316456,0.037974684,0.911392405
0208 CIN 2-H,952,236,102,129,231,0.441558442,0.558441558,0.0249501,0.522954092,0.382235529,0.002994012,0.046906188,0,0.000998004,0.018962076,0.003501002,0.301118095,0.618072671
0209 CIN 2-I,1148,412,205,196,401,0.511221945,0.488778055,0.009548611,0.527777778,0.432291667,0.001736111,0.004340278,0.001736111,0.002604167,0.019965278,0.011935568,0.370057528,0.592461244
0210 CIN 2-J,1288,401,274,114,388,0.706185567,0.293814433,0.013593883,0.907391674,0.049277825,0.000849618,0.018691589,0,0,0.010195412,0.016112279,0.082887126,0.859346534
0211 CIN 2-K,1479,511,327,172,499,0.655310621,0.344689379,0.032432432,0.815540541,0.089864865,0.002702703,0.043918919,0,0.001351351,0.014189189,0.015520728,0.217945993,0.735039439
0301 CIN 3-A,1194,327,84,237,321,0.261682243,0.738317757,0.033980583,0.033171521,0.904530744,0.001618123,0.000809061,0,0,0.025889968,0.002314883,0.862483071,0.115443387
0302 CIN 3-B,903,357,198,146,344,0.575581395,0.424418605,0.01378579,0.597030753,0.366914104,0,0.016967126,0,0,0.005302227,0.034744585,0.472059326,0.478327746
0303 CIN 3-C,1132,463,270,180,450,0.6,0.4,0.026070764,0.568901304,0.376163873,0,0.018621974,0,0,0.010242086,0.010963132,0.312306947,0.633416467
0304 CIN 3-D,1640,352,77,260,337,0.228486647,0.771513353,0.006527415,0.09073107,0.880548303,0.003263708,0.000652742,0,0.000652742,0.017624021,0.005876068,0.839583618,0.151933979
0305 CIN 3-E,1435,380,94,275,369,0.254742547,0.745257453,0.009781791,0.060948081,0.913468774,0.001504891,0,0,0.001504891,0.012791573,0.004708104,0.875712863,0.108930328
0401 CIN 4-A,940,460,292,157,449,0.650334076,0.349665924,0.005847953,0.874853801,0.083040936,0,0.021052632,0,0.001169591,0.014035088,0.051022925,0.074402192,0.844440872
0402 CIN 4-B,1036,453,342,98,440,0.777272727,0.222727273,0.037267081,0.907867495,0.014492754,0.001035197,0.025879917,0,0.002070393,0.011387164,0.008881139,0.033176818,0.939175835
0403 CIN 4-C,827,303,202,94,296,0.682432432,0.317567568,0.021118012,0.865838509,0.054658385,0.001242236,0.039751553,0,0.003726708,0.013664596,0.113260399,0.056630199,0.787636753
0404 CIN 4-D,1228,505,350,149,499,0.701402806,0.298597194,0.02248996,0.894779116,0.044176707,0.003212851,0.025702811,0,0.001606426,0.008032129,0.016565674,0.00787199,0.933253113
0405 CIN 4-E,1129,436,304,125,429,0.708624709,0.291375291,0.017132552,0.908926961,0.020739405,0.000901713,0.03336339,0.000901713,0.001803427,0.016230839,0.010317952,0.008608014,0.969505125
0406 CIN 4-F,1002,402,284,103,387,0.733850129,0.266149871,0.02268431,0.925330813,0.017013233,0.003780718,0.024574669,0,0,0.006616257,0.018570071,0.045562129,0.925581753
0407 CIN 4-G,1231,573,474,87,561,0.844919786,0.155080214,0.019451813,0.929266136,0.018567639,0,0.021220159,0.000884173,0.00265252,0.00795756,0.013777204,0.030771738,0.941970351
0408 CIN 4-H,1467,446,290,148,438,0.662100457,0.337899543,0.025252525,0.894570707,0.034090909,0.003156566,0.028409091,0,0.002525253,0.011994949,0.015726227,0.082113591,0.874577013
0501 CIN 5-A,1094,502,385,101,486,0.79218107,0.20781893,0.015228426,0.902538071,0.049746193,0.001015228,0.015228426,0.002030457,0,0.014213198,0.00222295,0.00222295,0.943064354
0502 CIN 5-B,1072,489,352,125,477,0.737945493,0.262054507,0.018199234,0.936781609,0.016283525,0.001915709,0.021072797,0,0,0.005747126,0.024063363,0.031471042,0.928630962
0503 CIN 5-C,780,404,270,129,399,0.676691729,0.323308271,0.025675676,0.868918919,0.077027027,0.001351351,0.012162162,0,0.001351351,0.013513514,0.024934346,0.208890684,0.709436226
0504 CIN 5-D,1306,631,506,110,616,0.821428571,0.178571429,0.016042781,0.945632799,0.004456328,0.003565062,0.023172906,0,0.000891266,0.006238859,0.013737464,0.003248262,0.935224045
0505 CIN 5-E,1082,466,340,111,451,0.753880266,0.246119734,0.02165725,0.919020716,0.013182674,0,0.032956685,0,0,0.013182674,0.006647035,0.021822437,0.950632639
0506 CIN 5-F,898,347,258,79,337,0.765578635,0.234421365,0.03003337,0.926585095,0.013348165,0.001112347,0.012235818,0,0.001112347,0.015572859,0.023991249,0.007992253,0.925886564
0507 CIN 5-G,1405,573,429,120,549,0.781420765,0.218579235,0.014245014,0.818376068,0.074786325,0.000712251,0.074786325,0,0.001424501,0.015669516,0.010295833,0.116686113,0.821778833
0508 CIN 5-H,947,320,123,190,313,0.392971246,0.607028754,0.015662651,0.420481928,0.524096386,0.002409639,0.020481928,0,0,0.01686747,0.025665366,0.208833435,0.708335292
0509 CIN 5-I,1504,674,539,125,664,0.811746988,0.188253012,0.026333558,0.921674544,0.016205267,0.000675219,0.0243079,0,0,0.010803511,0.010145242,0.019476747,0.948944615
0601 CIN 6-A,1782,459,215,232,447,0.48098434,0.51901566,0.035261708,0.682644628,0.212672176,0.000550964,0.050688705,0.000550964,0.001652893,0.015977961,0.031526796,0.124987316,0.787164674
0602 CIN 6-B,1472,387,228,152,380,0.6,0.4,0.032967033,0.70989011,0.175824176,0.001098901,0.058241758,0,0.003296703,0.018681319,0.014662757,0.073313783,0.832844575
0603 CIN 6-C,1699,340,109,227,336,0.324404762,0.675595238,0.040114613,0.448901624,0.467048711,0.00191022,0.020057307,0,0,0.021967526,0.045710263,0.16864304,0.728955325
0604 CIN 6-D,1448,342,104,232,336,0.30952381,0.69047619,0.034541578,0.365458422,0.565884861,0.007249467,0.005970149,0,0.002132196,0.018763326,0.035106119,0.253509842,0.655529624
0701 CIN 7-A,1356,471,138,319,457,0.301969365,0.698030635,0.013402829,0.120625465,0.843633656,0.002978407,0.001489203,0,0.002233805,0.015636634,0,0.803355574,0.163017502
0702 CIN 7-B,637,157,53,99,152,0.348684211,0.651315789,0.011029412,0.110294118,0.861519608,0.003676471,0,0,0.003676471,0.009803922,0,0.62962963,0.314814815
0703 CIN 7-C,1109,425,108,308,416,0.259615385,0.740384615,0.009551098,0.067812798,0.895893028,0.00286533,0.005730659,0,0.00095511,0.017191977,0.028524879,0.869504032,0.07320912
0704 CIN 7-D,1234,364,89,267,356,0.25,0.75,0.005751849,0.087921118,0.882497946,0.005751849,0.000821693,0.002465078,0.001643385,0.013147083,0,0.913002415,0.069012337
0705 CIN 7-E,662,239,78,153,231,0.337662338,0.662337662,0.005042017,0.040336134,0.941176471,0.003361345,0,0,0,0.010084034,0.015625,0.9296875,0.03125
0706 CIN 7-F,946,294,73,218,291,0.250859107,0.749140893,0.003468208,0.027745665,0.943352601,0.001156069,0.004624277,0,0.001156069,0.01849711,0,0.870533877,0.119365021
0707 CIN 7-G,1362,455,123,324,447,0.275167785,0.724832215,0.008701057,0.12927284,0.849596022,0.001243008,0.001864512,0,0.00310752,0.00621504,0.001728298,0.841615345,0.119274752
0708 CIN 7-H,1132,343,93,244,337,0.275964392,0.724035608,0.007428041,0.074280409,0.898792943,0.000928505,0.007428041,0,0.00371402,0.007428041,0,0.821075439,0.176456968
0709 CIN 7-I,1161,437,153,272,425,0.36,0.64,0.000924214,0.163585952,0.821626617,0.000924214,0.007393715,0,0,0.005545287,0,0.907155181,0.088464078
0710 CIN 7-J,581,140,45,93,138,0.326086957,0.673913043,0,0.081932773,0.867647059,0.00210084,0.031512605,0,0.006302521,0.010504202,0.002871041,0.734646861,0.228334162
0711 CIN 7-K,957,356,118,232,350,0.337142857,0.662857143,0.01183432,0.141025641,0.831360947,0,0.001972387,0.001972387,0.001972387,0.009861933,0,0.824976209,0.164958916
0801 CIN 8-A,1711,345,89,251,340,0.261764706,0.738235294,0.018272425,0.224806202,0.718161683,0.00166113,0.012735327,0,0.004429679,0.019933555,0.035449529,0.676272226,0.253910038
0802 CIN 8-B,1134,396,226,156,382,0.591623037,0.408376963,0.022312373,0.791075051,0.149087221,0,0.029411765,0,0,0.00811359,0.024826007,0.221953548,0.698473534
0803 CIN 8-C,1476,591,441,132,573,0.769633508,0.230366492,0.027115859,0.907148726,0.026294166,0,0.031224322,0,0.000821693,0.007395234,0.015067091,0.012346104,0.938187259
0804 CIN 8-D,1391,294,88,202,290,0.303448276,0.696551724,0.013100437,0.297816594,0.662882096,0.000873362,0.009606987,0.001746725,0,0.013973799,0.02192426,0.488152166,0.421493222
0901 CIN 9-A,1054,222,67,151,218,0.30733945,0.69266055,0.004912281,0.077192982,0.89122807,0.001403509,0.009824561,0,0.000701754,0.014736842,0.016694233,0.836165082,0.12415885
0902 CIN 9-B,1476,553,272,260,532,0.511278195,0.488721805,0.032076985,0.666399358,0.250200481,0.000801925,0.033680834,0,0.000801925,0.016038492,0.020260045,0.237519629,0.7051099
0903 CIN 9-C,1350,288,75,208,283,0.265017668,0.734982332,0.017818959,0.1489665,0.799002138,0.003563792,0.014967926,0,0,0.015680684,0.021066823,0.779825837,0.133929036
0904 CIN 9-D,1197,246,63,173,236,0.266949153,0.733050847,0.006566604,0.053470919,0.926829268,0.000938086,0.001876173,0,0,0.010318949,0.019425251,0.858007494,0.104841824
1001 CIN 10-A,1281,420,149,262,411,0.362530414,0.637469586,0.012552301,0.425941423,0.528870293,0.005020921,0.014225941,0,0.0041841,0.009205021,0.009812641,0.246437709,0.715183269
1002 CIN 10-B,1098,140,43,93,136,0.316176471,0.683823529,0.01228978,0.159767141,0.811772316,0.002587322,0.004527814,0,0,0.009055627,0.012952086,0.646875952,0.301556594
1003 CIN 10-C,1189,268,76,184,260,0.292307692,0.707692308,0.016949153,0.291703836,0.667261374,0.001784121,0.008028546,0,0.000892061,0.01338091,0.012519791,0.469118199,0.475936197
1101 CIN 11-A,1571,428,158,258,416,0.379807692,0.620192308,0.01706109,0.689598239,0.252063841,0.002751789,0.018712163,0.001651073,0.001100715,0.01706109,0.032345744,0.152621206,0.780323003
1102 CIN 11-B,1826,240,71,158,229,0.310043668,0.689956332,0.018937834,0.667764512,0.232606011,0.001235076,0.061342116,0,0.00205846,0.01605599,0.022262736,0.112961118,0.841532366
1103 CIN 11-C,1820,195,67,120,187,0.35828877,0.64171123,0.020954223,0.843326886,0.084139265,0.001611863,0.036105738,0,0.001289491,0.012572534,0.047583209,0.093644908,0.820522991
1201 CIN 12-A,1038,116,52,61,113,0.460176991,0.539823009,0.021992238,0.792043984,0.076649418,0.000970246,0.079560155,0.000646831,0.000646831,0.027490298,0.045363592,0.084235023,0.821644305
1202 CIN 12-B,1643,25,6,18,24,0.25,0.75,0.017720499,0.844140153,0.08175594,0.000402739,0.037857431,0.001208216,0.001208216,0.015706806,0.039241601,0.11440419,0.761940163
1203 CIN 12-C,1489,209,65,137,202,0.321782178,0.678217822,0.015407555,0.566600398,0.225149105,0,0.172962227,0.001988072,0.000497018,0.017395626,0.013534613,0.197612884,0.666610631
1204 CIN 12-D,1592,300,140,144,284,0.492957746,0.507042254,0.021685034,0.494845361,0.236046925,0.000355492,0.221827231,0.000710985,0.005332385,0.019196587,0.063380003,0.202821576,0.704455701
1205 CIN 12-E,1791,211,78,124,202,0.386138614,0.613861386,0.022118743,0.537834692,0.3556461,0.001746217,0.049476135,0.000582072,0.003492433,0.029103609,0.002683888,0.237782857,0.681737899
1301 CIN 13-A,1297,218,53,160,213,0.248826291,0.751173709,0.010989011,0.027106227,0.944322344,0.002930403,0.002930403,0.000732601,0,0.010989011,0.008684782,0.891279932,0.100035285
1302 CIN 13-B,832,344,156,181,337,0.462908012,0.537091988,0.015523933,0.433376455,0.534282018,0.001293661,0.010349288,0,0.003880983,0.001293661,0.001569078,0.532058534,0.448689653
1303 CIN 13-C,1300,221,47,170,217,0.216589862,0.783410138,0.010853835,0.103473227,0.866859624,0.005065123,0.002170767,0.000723589,0,0.010853835,0.009093489,0.779941969,0.169535191
1304 CIN 13-D,1210,300,71,220,291,0.243986254,0.756013746,0.004177109,0.073517126,0.895572264,0.001670844,0.007518797,0,0.004177109,0.01336675,0.000173826,0.894855178,0.059680518
1305 CIN 13-E,1304,608,278,315,593,0.468802698,0.531197302,0.017213115,0.401639344,0.546721311,0.002459016,0.017213115,0,0.000819672,0.013934426,0,0.677160765,0.307585112
1306 CIN 13-F,960,418,120,287,407,0.294840295,0.705159705,0.007954545,0.211363636,0.757954545,0.002272727,0.009090909,0,0.001136364,0.010227273,0,0.801659097,0.182782178
1307 CIN 13-G,1550,278,93,178,271,0.343173432,0.656826568,0.005098325,0.050254916,0.92789512,0.000728332,0.001456664,0,0,0.014566642,0.000116526,0.795841656,0.144973306
1308 CIN 13-H,1244,81,39,41,80,0.4875,0.5125,0.039453718,0.833586242,0.089023773,0.001517451,0.020232676,0,0.003034901,0.013151239,0.031898292,0.202962666,0.698708129
1401 CIN 14-A,1220,522,275,226,501,0.548902196,0.451097804,0.03205699,0.583259127,0.36064114,0.002671416,0.010685663,0,0.000890472,0.009795191,0.010581148,0.386555966,0.584244772
1402 CIN 14-B,1278,454,106,343,449,0.236080178,0.763919822,0.020881671,0.089713844,0.86620263,0.002320186,0.002320186,0.000773395,0.005413766,0.012374323,0,0.87175144,0.099948905
1403 CIN 14-C,512,260,179,74,253,0.707509881,0.292490119,0.011792453,0.879716981,0.080188679,0,0.016509434,0,0.004716981,0.007075472,0.004789421,0.174190652,0.798237997
1404 CIN 14-D,1480,646,286,355,641,0.446177847,0.553822153,0.025399129,0.421625544,0.517416546,0.002177068,0.008708273,0,0.003628447,0.021044993,0,0.485376375,0.51038704
1405 CIN 14-E,1324,510,234,267,501,0.467065868,0.532934132,0.02556158,0.396591789,0.542215337,0,0.0116189,0.000774593,0.000774593,0.022463207,0.022410526,0.55956787,0.390391788
1406 CIN 14-F,961,492,226,257,483,0.467908903,0.532091097,0.010905125,0.305343511,0.657579062,0,0.006543075,0,0.002181025,0.017448201,0.023285843,0.307898639,0.67345723
1407 CIN 14-G,1069,511,291,210,501,0.580838323,0.419161677,0.017664377,0.767419038,0.187438665,0,0.009813543,0.000981354,0.000981354,0.015701668,0.015581899,0.277277265,0.704589284
1408 CIN 14-H,1240,450,207,229,436,0.474770642,0.525229358,0.022431259,0.544138929,0.397250362,0.002894356,0.017366136,0,0.002894356,0.013024602,0.01683703,0.355872295,0.606387958
1409 CIN 14-I,1400,459,222,222,444,0.5,0.5,0.035242291,0.533668974,0.396475771,0.00188798,0.013845186,0,0.001258653,0.017621145,0.021577868,0.353882985,0.582860322
1501 CIN 15-A,1545,560,144,411,555,0.259459459,0.740540541,0.02231405,0.624793388,0.325619835,0.002479339,0.009917355,0,0.000826446,0.014049587,0.059479554,0.156133829,0.75464684
1502 CIN 15-B,1582,579,230,335,565,0.407079646,0.592920354,0.024880889,0.596082583,0.264690312,0.000529381,0.088935945,0,0.006881948,0.017998941,0.008755005,0.203052067,0.690401375
1503 CIN 15-C,1022,183,51,131,182,0.28021978,0.71978022,0.006198347,0.060950413,0.883264463,0.006198347,0.022727273,0.001033058,0.005165289,0.01446281,0.03126724,0.915683362,0.04957526
1504 CIN 15-D,863,295,92,193,285,0.322807018,0.677192982,0.00896861,0.093049327,0.885650224,0.001121076,0.001121076,0,0,0.010089686,0.003174603,0.861111111,0.138888889
1505 CIN 15-E,1482,528,216,301,517,0.417794971,0.582205029,0.054577465,0.79342723,0.048122066,0.001173709,0.07629108,0.000586854,0.004107981,0.021713615,0.059816421,0.020574118,0.867536848
1506 CIN 15-F,614,278,154,121,275,0.56,0.44,0.013432836,0.685074627,0.253731343,0.001492537,0.031343284,0,0.001492537,0.013432836,0.012987013,0.331168831,0.62987013
1507 CIN 15-G,684,263,134,124,258,0.519379845,0.480620155,0.018292683,0.532012195,0.414634146,0,0.016768293,0,0,0.018292683,0.081892543,0.393937736,0.461638945
1508 CIN 15-H,1105,630,349,266,615,0.567479675,0.432520325,0.023593466,0.778584392,0.124319419,0.000907441,0.052631579,0.001814882,0.003629764,0.014519056,0.045185921,0.097072162,0.82345886
1509 CIN 15-I,1007,360,144,203,347,0.414985591,0.585014409,0.045255474,0.670072993,0.16350365,0.001459854,0.103649635,0,0.001459854,0.01459854,0.03440705,0.203494442,0.688647669
1510 CIN 15-J,857,213,56,151,207,0.270531401,0.729468599,0.009389671,0.038732394,0.928403756,0.001173709,0.001173709,0,0,0.021126761,0.066914498,0.855018587,0.07063197
1601 CIN 16-A,1313,226,83,130,213,0.389671362,0.610328638,0.009775171,0.384164223,0.571847507,0.001955034,0.023460411,0,0,0.008797654,0.005670292,0.604172072,0.360844998
1701 CIN 17-A,1635,348,73,268,341,0.214076246,0.785923754,0.009142053,0.052039381,0.924753868,0.00281294,0.00140647,0,0,0.009845288,0.001886495,0.845524504,0.116391559
1702 CIN 17-B,1509,318,87,229,316,0.275316456,0.724683544,0.01650619,0.350068776,0.603163686,0.006877579,0.008253095,0,0.000687758,0.014442916,0.015946844,0.358803987,0.581395349
1703 CIN 17-C,1214,312,91,215,306,0.297385621,0.702614379,0.019588639,0.16748286,0.78158668,0.002938296,0.009794319,0,0.001958864,0.016650343,0.001413553,0.66814112,0.294723768
1801 CIN 18-A,1062,195,46,143,189,0.243386243,0.756613757,0.013039117,0.12337011,0.850551655,0.003009027,0,0,0,0.01003009,0.034413642,0.772220776,0.188958897
1802 CIN 18-B,777,136,30,101,131,0.229007634,0.770992366,0.024509804,0.075163399,0.864379085,0.004901961,0.001633987,0.006535948,0,0.022875817,0.013831626,0.838636299,0.095548412
1901 CIN 19-A,972,293,243,35,278,0.874100719,0.125899281,0.007853403,0.929319372,0.04886562,0.002617801,0.003490401,0,0.0008726,0.006980803,0.016000787,0.027054198,0.935130276
1902 CIN 19-B,1250,497,411,66,477,0.86163522,0.13836478,0.011583012,0.949034749,0.023938224,0,0.000772201,0,0,0.014671815,0.019867381,0.027931995,0.941804732
1903 CIN 19-C,1264,307,260,40,300,0.866666667,0.133333333,0.011708356,0.885577435,0.085151676,0.000532198,0.00532198,0.000532198,0,0.011176158,0.027224796,0.118694582,0.821142067
1904 CIN 19-D,430,36,20,13,33,0.606060606,0.393939394,0.105345912,0.716981132,0.15408805,0.004716981,0,0,0,0.018867925,0.001254403,0.249157396,0.686601961
2001 CIN 20-A,1259,200,136,58,194,0.701030928,0.298969072,0.09587217,0.525965379,0.338881491,0.005326232,0.005992011,0.017976032,0.001331558,0.008655126,0.020747403,0.393294974,0.52614164
2002 CIN 20-B,1078,201,124,73,197,0.629441624,0.370558376,0.031293463,0.646036161,0.28650904,0,0.009040334,0,0.00069541,0.026425591,0.032881651,0.226245479,0.66357956
2003 CIN 20-C,1492,412,253,148,401,0.630922693,0.369077307,0.026589595,0.721387283,0.221965318,0.002312139,0.011560694,0.002890173,0,0.013294798,0.012136634,0.115945746,0.818529894
2004 CIN 20-D,1458,359,224,132,356,0.629213483,0.370786517,0.122495707,0.602747567,0.250143102,0.003434459,0.009730967,0,0.00057241,0.010875787,0.024907266,0.290032089,0.657651167
2005 CIN 20-E,1220,122,82,38,120,0.683333333,0.316666667,0.03689759,0.589608434,0.331325301,0.004518072,0.012801205,0,0.000753012,0.024096386,0.024141875,0.327683001,0.583942156
2101 CIN 21-A,622,137,61,71,132,0.462121212,0.537878788,0.047887324,0.4,0.530985915,0.001408451,0.001408451,0,0.001408451,0.016901408,0.017241379,0.603448276,0.379310345
2102 CIN 21-B,899,112,47,63,110,0.427272727,0.572727273,0.012578616,0.468104223,0.495956873,0.000898473,0.005390836,0,0.004492363,0.012578616,0.002890947,0.469852608,0.459580476
2103 CIN 21-C,1182,176,112,58,170,0.658823529,0.341176471,0.075635104,0.42551963,0.471709007,0.002309469,0.003464203,0.002309469,0.002886836,0.016166282,0.054291912,0.531084766,0.374505272
2104 CIN 21-D,968,154,90,61,151,0.59602649,0.40397351,0.037811746,0.574416734,0.355591311,0.002413516,0.011263073,0,0,0.01850362,0.028542124,0.403383791,0.459139979
2105 CIN 21-E,893,113,29,80,109,0.266055046,0.733944954,0.022326675,0.074030552,0.877790834,0.001175088,0.004700353,0.001175088,0,0.01880141,0.004753763,0.880814654,0.08905071
2201 CIN 22-A,1387,423,135,273,408,0.330882353,0.669117647,0.0125,0.554861111,0.40625,0.000694444,0.004861111,0,0.004166667,0.016666667,0.023123674,0.345180073,0.571653003
2202 CIN 22-B,1204,224,81,135,216,0.375,0.625,0.0182887,0.517962116,0.44023514,0.004572175,0.003265839,0,0.000653168,0.015022861,0.010000799,0.342219127,0.611110477
2203 CIN 22-C,1518,167,56,110,166,0.337349398,0.662650602,0.014450867,0.072254335,0.893786127,0,0.000722543,0,0.000722543,0.018063584,0,0.940341781,0.055722214
2301 CIN 23-A,1580,587,253,317,570,0.443859649,0.556140351,0.01047486,0.560055866,0.397346369,0,0.012569832,0,0.002094972,0.017458101,0.022332719,0.291000742,0.675650159
2302 CIN 23-B,1730,198,95,101,196,0.484693878,0.515306122,0.023194168,0.136514248,0.809145129,0.001988072,0.008614977,0.000662691,0,0.019880716,0.025417424,0.683873367,0.274094892
2303 CIN 23-C,489,253,69,178,247,0.279352227,0.720647773,0.016,0.658,0.286,0.004,0.008,0,0.006,0.022,0,0.15611126,0.845480544
2304 CIN 23-D,1358,621,181,429,610,0.296721311,0.703278689,0.016541353,0.763909774,0.190225564,0.006015038,0.009022556,0.00075188,0.001503759,0.012030075,0.015872142,0.231277714,0.728323572
2305 CIN 23-E,1133,324,96,219,315,0.304761905,0.695238095,0.001831502,0.074175824,0.894688645,0.003663004,0.001831502,0,0,0.023809524,0.010942224,0.741339926,0.206005999
2306 CIN 23-F,1280,466,215,240,455,0.472527473,0.527472527,0.009748172,0.415922015,0.542648253,0.000812348,0.01056052,0.000812348,0.001624695,0.017871649,0.004232378,0.68445592,0.26357876
2307 CIN 23-G,608,213,79,131,210,0.376190476,0.623809524,0.008561644,0.238013699,0.72260274,0.005136986,0.008561644,0,0.001712329,0.015410959,0.003132226,0.544053675,0.442733144
2308 CIN 23-H,949,517,299,197,496,0.602822581,0.397177419,0.003239741,0.705183585,0.277537797,0,0.006479482,0,0,0.007559395,0.004116761,0.497569912,0.417746159
2309 CIN 23-I,779,344,196,141,337,0.581602374,0.418397626,0.011278195,0.56641604,0.402255639,0,0.012531328,0,0,0.007518797,0.001552878,0.601552251,0.380984138
2310 CIN 23-J,1256,349,212,128,340,0.623529412,0.376470588,0.018156425,0.466480447,0.485335196,0.001396648,0.01396648,0.000698324,0,0.01396648,0.045655844,0.656967602,0.273752574
2311 CIN 23-K,1214,534,235,287,522,0.450191571,0.549808429,0.005665722,0.494806421,0.473087819,0.001888574,0.004721435,0,0.001888574,0.017941454,0,0.423206967,0.528174837
2312 CIN 23-L,612,154,76,76,152,0.5,0.5,0.01300578,0.411849711,0.547687861,0.001445087,0.007225434,0,0.00867052,0.010115607,0.020620469,0.66076196,0.289837055
2313 CIN 23-M,1018,344,169,165,334,0.505988024,0.494011976,0.010251631,0.4305685,0.535880708,0.001863933,0.001863933,0,0.000931966,0.018639329,0.016086366,0.51866069,0.457761884
2314 CIN 23-N,1216,509,257,236,493,0.521298174,0.478701826,0.002516779,0.465604027,0.51090604,0.004194631,0.004194631,0,0,0.012583893,0.000363272,0.594997266,0.367096032
2315 CIN 23-O,1046,512,217,285,502,0.432270916,0.567729084,0.007648184,0.398661568,0.584130019,0.000956023,0.005736138,0,0,0.002868069,0.003320669,0.537004377,0.449478627
2316 CIN 23-P,1631,508,243,253,496,0.489919355,0.510080645,0.037914692,0.364336493,0.557464455,0.004146919,0.015995261,0,0.000592417,0.019549763,0.001473311,0.530441455,0.439538181
2317 CIN 23-Q,862,315,221,82,303,0.729372937,0.270627063,0.03034134,0.536030341,0.412136536,0,0.002528445,0,0,0.018963338,0.002531646,0.601265823,0.382911392
2318 CIN 23-R,652,206,85,114,199,0.427135678,0.572864322,0.008347245,0.385642738,0.554257095,0.005008347,0.010016694,0.001669449,0.003338898,0.031719533,0.01459854,0.562043796,0.379562044
2401 CIN 24-A,1341,497,149,342,491,0.303462322,0.696537678,0.019123506,0.086055777,0.883665339,0.001593625,0.000796813,0,0,0.00876494,0.020979021,0.825174825,0.153846154
2402 CIN 24-B,1421,394,195,196,391,0.498721228,0.501278772,0.043150685,0.440410959,0.480136986,0,0.010958904,0.001369863,0.004794521,0.019178082,0.033781915,0.455105732,0.475944885
2403 CIN 24-C,1547,350,191,148,339,0.563421829,0.436578171,0.015653221,0.4653823,0.476219145,0.002408188,0.01384708,0.001806141,0.001204094,0.023479831,0.006853165,0.571127783,0.408312721
2404 CIN 24-D,1346,347,217,120,337,0.643916914,0.356083086,0.150627615,0.638307764,0.183170618,0.0041841,0.014876801,0.0009298,0.0013947,0.006508601,0.021313105,0.30466996,0.65690551
2405 CIN 24-E,1017,67,19,48,67,0.28358209,0.71641791,0.009744214,0.073081608,0.889159562,0.004872107,0.001218027,0,0,0.021924482,0.000418631,0.941631113,0.040838796
2406 CIN 24-F,949,311,129,174,303,0.425742574,0.574257426,0.012738854,0.335031847,0.622929936,0.001273885,0.01656051,0,0.005095541,0.006369427,0.011923285,0.69133405,0.283201616
2407 CIN 24-G,1547,435,301,121,422,0.713270142,0.286729858,0.063691073,0.665997994,0.228686058,0.002006018,0.02557673,0,0,0.014042126,0.067565505,0.270934882,0.657417105
2408 CIN 24-H,626,47,9,37,46,0.195652174,0.804347826,0,0.027027027,0.925675676,0,0.006756757,0,0,0.040540541,0,0.950738916,0.032019704
2409 CIN 24-I,678,43,6,37,43,0.139534884,0.860465116,0.01543943,0.058194774,0.902612827,0.002375297,0,0,0.001187648,0.020190024,0,0.950738916,0.032019704
2501 CIN 25-A,2045,393,144,242,386,0.373056995,0.626943005,0.036883547,0.195607128,0.708661417,0.002486531,0.031910485,0.003315375,0.000414422,0.020721094,0,0.830411034,0.156365146
2502 CIN 25-B,1316,174,106,65,171,0.619883041,0.380116959,0.018656716,0.493283582,0.458208955,0.002238806,0.004477612,0,0.000746269,0.02238806,0.036060791,0.528590692,0.420924201
2503 CIN 25-C,1094,456,347,94,441,0.786848073,0.213151927,0.027198549,0.887579329,0.0643699,0.002719855,0.003626473,0,0.000906618,0.013599275,0.016809016,0.173603626,0.804148181
2504 CIN 25-D,1580,421,305,109,414,0.736714976,0.263285024,0.038825758,0.731534091,0.196022727,0.004734848,0.011837121,0.00094697,0.000473485,0.015625,0.002078186,0.205477872,0.722497661
2505 CIN 25-E,1164,434,352,76,428,0.822429907,0.177570093,0.01493652,0.936519791,0.038834951,0.000746826,0.004480956,0,0,0.004480956,0.009680749,0.185614635,0.779215031
2506 CIN 25-F,1802,388,273,110,383,0.712793734,0.287206266,0.051941748,0.667475728,0.254368932,0.002427184,0.00776699,0.000485437,0.001456311,0.01407767,0.004414052,0.348263447,0.636392113
2507 CIN 25-G,593,163,113,47,160,0.70625,0.29375,0.088050314,0.714465409,0.168553459,0,0.01509434,0.002515723,0.003773585,0.00754717,0.001419775,0.310281691,0.658305611
2508 CIN 25-H,1392,395,293,96,389,0.753213368,0.246786632,0.022237197,0.769541779,0.190700809,0.002021563,0.00606469,0,0,0.009433962,0.004952209,0.225520709,0.744065187
2509 CIN 25-I,1238,361,281,69,350,0.802857143,0.197142857,0.010615711,0.871903751,0.094125973,0.00353857,0.004246285,0,0.002830856,0.012738854,0.00657209,0.164671016,0.815403569
2510 CIN 25-J,1216,319,200,113,313,0.638977636,0.361022364,0.018745494,0.573179524,0.387887527,0.002883922,0.005046864,0,0.000720981,0.011535689,0.001885981,0.458119353,0.528052681
2511 CIN 25-K,547,93,58,34,92,0.630434783,0.369565217,0.05907781,0.623919308,0.283861671,0,0.007204611,0.008645533,0.001440922,0.015850144,0.004220139,0.644779442,0.33411986
2601 CIN 26-A,1209,542,391,137,528,0.740530303,0.259469697,0.0121673,0.766539924,0.206844106,0.001520913,0.003802281,0,0,0.009125475,0.015171752,0.293509436,0.666721182
2602 CIN 26-B,1015,307,159,142,301,0.528239203,0.471760797,0.027240773,0.458699473,0.489455185,0.000878735,0.01142355,0,0.000878735,0.01142355,0.039724794,0.524853752,0.410380185
2603 CIN 26-C,688,187,121,64,185,0.654054054,0.345945946,0.009049774,0.711915535,0.242835596,0.001508296,0.012066365,0.003016591,0.003016591,0.016591252,0.027830933,0.402482357,0.567846545
2604 CIN 26-D,1137,204,51,147,198,0.257575758,0.742424242,0.029665072,0.139712919,0.816267943,0,0.001913876,0,0.000956938,0.011483254,0.006050714,0.877114456,0.101708044
2605 CIN 26-E,1298,223,85,137,222,0.382882883,0.617117117,0.08125,0.197916667,0.691666667,0.002083333,0.01875,0,0,0.008333333,0.005105375,0.754416821,0.227714368
2606 CIN 26-F,840,149,43,103,146,0.294520548,0.705479452,0.014354067,0.307177033,0.64784689,0,0.013397129,0,0.000956938,0.016267943,0,0.322580645,0.67281106
2607 CIN 26-G,1050,274,194,72,266,0.729323308,0.270676692,0.041952708,0.767353166,0.168573608,0.001525553,0.006864989,0,0.003813883,0.009916095,0.029757371,0.28453748,0.588325936
2608 CIN 26-H,1018,46,11,33,44,0.25,0.75,0.053097345,0.042035398,0.886061947,0,0,0,0.003318584,0.015486726,0.009661836,0.927536232,0.048309179
2609 CIN 26-I,1091,392,271,112,383,0.707571802,0.292428198,0.011023622,0.818897638,0.152755906,0.000787402,0.003149606,0,0.000787402,0.012598425,0.01523664,0.278918368,0.653313013
2610 CIN 26-J,1281,321,140,178,318,0.440251572,0.559748428,0.009272468,0.291012839,0.669044223,0.000713267,0.015691869,0,0,0.014265335,0,0.63447981,0.330135158
2611 CIN 26-K,1273,413,280,121,401,0.698254364,0.301745636,0.032571033,0.753291753,0.193347193,0.000693001,0.00970201,0,0.000693001,0.00970201,0.063455472,0.270506862,0.624886601
2612 CIN 26-L,825,238,162,75,237,0.683544304,0.316455696,0.0249501,0.643712575,0.294411178,0.001996008,0.01497006,0.001996008,0.003992016,0.013972056,0.035454983,0.309263548,0.644031512
2613 CIN 26-M,707,156,72,77,149,0.483221477,0.516778523,0.004587156,0.305045872,0.653669725,0.006880734,0.013761468,0,0,0.016055046,0.00028814,0.709708402,0.212263245
2614 CIN 26-N,1236,269,151,111,262,0.576335878,0.423664122,0.020424837,0.401143791,0.555555556,0,0.006535948,0.001633987,0.000816993,0.013888889,0.012212427,0.665643254,0.304182834
2615 CIN 26-O,1158,458,305,142,447,0.682326622,0.317673378,0.008223684,0.752467105,0.221217105,0.004111842,0,0,0.003289474,0.010690789,0.033538246,0.449573873,0.506362654
2616 CIN 26-P,1289,365,204,160,364,0.56043956,0.43956044,0.041112455,0.34885127,0.558645707,0.001813785,0.030834341,0.003022975,0,0.015719468,0.012919897,0.509043928,0.408268734
2617 CIN 26-Q,1330,151,64,82,146,0.438356164,0.561643836,0.013688213,0.214448669,0.738403042,0.000760456,0.012927757,0,0.005323194,0.014448669,0,0.697943533,0.269663237
2618 CIN 26-R,768,122,49,73,122,0.401639344,0.598360656,0.025957973,0.220024722,0.73053152,0.00618047,0.00618047,0,0,0.011124845,0.017915019,0.734694815,0.190746125
2619 CIN 26-S,952,259,174,81,255,0.682352941,0.317647059,0.036315323,0.69530558,0.241806909,0.003542958,0.009743136,0,0.00088574,0.012400354,0.026056999,0.447836786,0.508702072